timestamp,datetime,open,high,low,close,volume,atr,vwap,clv,zvol,entropy,regime,returns,vwap_upper,vwap_lower,long_signal,short_signal,signal_strength
2025-09-09 10:35:00,2025-09-09 10:35:00,0.24112,0.24193,0.24112,0.24168,14880.0,nan,nan,0.3827160493827194,nan,nan,Mean-reversion,nan,nan,nan,False,False,0
2025-09-09 10:40:00,2025-09-09 10:40:00,0.24168,0.24232,0.24153,0.24156,46185.0,nan,nan,-0.924050632911388,nan,nan,Mean-reversion,-0.0004966476387161251,nan,nan,False,False,0
2025-09-09 10:45:00,2025-09-09 10:45:00,0.24156,0.24161,0.24114,0.2416,53479.0,nan,nan,0.9574468085107137,nan,nan,Mean-reversion,0.00016557662095948987,nan,nan,False,False,0
2025-09-09 10:50:00,2025-09-09 10:50:00,0.2416,0.2416,0.24045,0.24086,66377.0,nan,nan,-0.28695652173914893,nan,nan,Mean-reversion,-0.0030676142283261446,nan,nan,False,False,0
2025-09-09 10:55:00,2025-09-09 10:55:00,0.24086,0.24103,0.24072,0.24087,14338.0,nan,nan,-0.032258064516071265,nan,nan,Mean-reversion,4.151703236844637e-05,nan,nan,False,False,0
2025-09-09 11:00:00,2025-09-09 11:00:00,0.24087,0.24123,0.24051,0.24123,19468.0,nan,nan,1.0,nan,nan,Mean-reversion,0.001493466363465028,nan,nan,False,False,0
2025-09-09 11:05:00,2025-09-09 11:05:00,0.24123,0.24153,0.24112,0.24149,42727.0,nan,nan,0.8048780487805605,nan,nan,Mean-reversion,0.0010772291396358438,nan,nan,False,False,0
2025-09-09 11:10:00,2025-09-09 11:10:00,0.24149,0.24168,0.24122,0.24125,19825.0,nan,nan,-0.8695652173912991,nan,nan,Mean-reversion,-0.0009943241487078652,nan,nan,False,False,0
2025-09-09 11:15:00,2025-09-09 11:15:00,0.24125,0.24132,0.24085,0.24104,50986.0,nan,nan,-0.19148936170214273,nan,nan,Mean-reversion,-0.000870845397049424,nan,nan,False,False,0
2025-09-09 11:20:00,2025-09-09 11:20:00,0.24104,0.24195,0.24101,0.24195,19592.0,nan,nan,1.0,nan,nan,Mean-reversion,0.003768198417281824,nan,nan,False,False,0
2025-09-09 11:25:00,2025-09-09 11:25:00,0.24195,0.24209,0.24167,0.24179,250050.0,nan,nan,-0.4285714285713908,nan,nan,Mean-reversion,-0.000661512406807991,nan,nan,False,False,0
2025-09-09 11:30:00,2025-09-09 11:30:00,0.24179,0.24199,0.2413,0.2413,32813.0,nan,nan,-1.0,nan,nan,Mean-reversion,-0.0020286082015335827,nan,nan,False,False,0
2025-09-09 11:35:00,2025-09-09 11:35:00,0.2413,0.24148,0.24108,0.24141,19238.0,nan,nan,0.6500000000000763,nan,nan,Mean-reversion,0.000455760195165294,nan,nan,False,False,0
2025-09-09 11:40:00,2025-09-09 11:40:00,0.24141,0.24186,0.24124,0.24152,28507.0,nan,nan,-0.09677419354835244,nan,nan,Mean-reversion,0.00045555257243216175,nan,nan,False,False,0
2025-09-09 11:45:00,2025-09-09 11:45:00,0.24152,0.24198,0.24151,0.24193,45536.0,0.0005942857142857179,nan,0.787234042553214,nan,nan,Mean-reversion,0.00169614271711271,nan,nan,False,False,0
2025-09-09 11:50:00,2025-09-09 11:50:00,0.24193,0.24218,0.24168,0.24168,43316.0,0.0005735714285714312,nan,-1.0,nan,nan,Mean-reversion,-0.0010338910372796203,nan,nan,False,False,0
2025-09-09 11:55:00,2025-09-09 11:55:00,0.24168,0.24175,0.24142,0.24148,31268.0,0.0005635714285714312,nan,-0.6363636363636058,nan,nan,Mean-reversion,-0.0008278831501911843,nan,nan,False,False,0
2025-09-09 12:00:00,2025-09-09 12:00:00,0.24148,0.24224,0.24092,0.24223,158649.0,0.0005757142857142886,nan,0.9848484848484699,nan,nan,Mean-reversion,0.0031010340949150354,nan,nan,False,False,0
2025-09-09 12:05:00,2025-09-09 12:05:00,0.24223,0.2448,0.24221,0.24475,367594.0,0.0007385714285714297,nan,0.9613899613899654,nan,nan,Mean-reversion,0.010349593387479329,nan,nan,False,False,0
2025-09-09 12:10:00,2025-09-09 12:10:00,0.24475,0.24679,0.24475,0.2463,376370.0,0.0008328571428571451,nan,0.5196078431372404,nan,nan,Mean-reversion,0.006313023715872469,nan,nan,False,False,0
2025-09-09 12:15:00,2025-09-09 12:15:00,0.2463,0.2463,0.24516,0.24606,159905.0,0.0008850000000000029,nan,0.5789473684210705,nan,2.4634307764312453,Mean-reversion,-0.0009748964944692797,nan,nan,False,False,0
2025-09-09 12:20:00,2025-09-09 12:20:00,0.24606,0.24946,0.24595,0.24935,269842.0,0.0011028571428571435,nan,0.9373219373219377,nan,2.3793504725799495,Mean-reversion,0.013282123360108658,nan,nan,False,False,0
2025-09-09 12:25:00,2025-09-09 12:25:00,0.24935,0.24936,0.24754,0.24808,238355.0,0.0011992857142857141,nan,-0.4065934065934193,nan,2.455229863960501,Mean-reversion,-0.005106257199938053,nan,nan,False,False,0
2025-09-09 12:30:00,2025-09-09 12:30:00,0.24808,0.24854,0.24569,0.24614,307076.0,0.0013357142857142873,nan,-0.6842105263157874,nan,2.453344843988152,Mean-reversion,-0.007850795048002889,nan,nan,False,False,0
2025-09-09 12:35:00,2025-09-09 12:35:00,0.24614,0.24784,0.24578,0.2468,249227.0,0.0014528571428571446,nan,-0.00970873786408735,nan,2.520253303041871,Mean-reversion,0.0026778122870420606,nan,nan,False,False,0
2025-09-09 12:40:00,2025-09-09 12:40:00,0.2468,0.24717,0.24447,0.24498,176148.0,0.001596428571428572,nan,-0.6222222222222156,nan,2.544596487359367,Mean-reversion,-0.007401717471693314,nan,nan,False,False,0
2025-09-09 12:45:00,2025-09-09 12:45:00,0.24498,0.24631,0.24496,0.24622,41957.0,0.0016642857142857134,nan,0.8666666666666557,nan,2.5820542359952494,Mean-reversion,0.005048870659929589,nan,nan,False,False,0
2025-09-09 12:50:00,2025-09-09 12:50:00,0.24622,0.24701,0.24594,0.24684,59686.0,0.001696428571428573,nan,0.6822429906542037,nan,2.6062331327153574,Mean-reversion,0.002514908233397308,nan,nan,False,False,0
2025-09-09 12:55:00,2025-09-09 12:55:00,0.24684,0.24685,0.24553,0.2457,60499.0,0.00175714285714286,nan,-0.7424242424242402,nan,2.6453598614043305,Mean-reversion,-0.004629073925732657,nan,nan,False,False,0
2025-09-09 13:00:00,2025-09-09 13:00:00,0.2457,0.24628,0.24446,0.24469,84265.0,0.0018514285714285733,nan,-0.7472527472527674,nan,2.646969360045548,Mean-reversion,-0.004119176280540177,nan,nan,False,False,0
2025-09-09 13:05:00,2025-09-09 13:05:00,0.24469,0.24571,0.24436,0.24549,42335.0,0.0019242857142857176,nan,0.6740740740740814,nan,2.6835651212023635,Mean-reversion,0.0032641099608069373,nan,nan,False,False,0
2025-09-09 13:10:00,2025-09-09 13:10:00,0.24549,0.24711,0.24505,0.24699,91156.0,0.00197714285714286,nan,0.8834951456310596,nan,2.702436629741294,Mean-reversion,0.006091636771044287,nan,nan,False,False,0
2025-09-09 13:15:00,2025-09-09 13:15:00,0.24699,0.24734,0.24633,0.24634,77091.0,0.0018642857142857191,nan,-0.9801980198019606,nan,2.737604990511387,Mean-reversion,-0.0026351544651060225,nan,nan,False,False,0
2025-09-09 13:20:00,2025-09-09 13:20:00,0.24634,0.24775,0.24593,0.24636,105061.0,0.0018485714285714316,nan,-0.5274725274725399,nan,2.7242903117257176,Mean-reversion,8.118530550417498e-05,nan,nan,False,False,0
2025-09-09 13:25:00,2025-09-09 13:25:00,0.24636,0.24743,0.24636,0.24737,53213.0,0.0018435714285714325,nan,0.8878504672897128,nan,2.743821700413739,Mean-reversion,0.0040913106712192745,nan,nan,False,False,0
2025-09-09 13:30:00,2025-09-09 13:30:00,0.24737,0.24793,0.24635,0.24668,187155.0,0.0017057142857142907,nan,-0.5822784810126616,nan,2.765912678469201,Mean-reversion,-0.0027932413667697466,nan,nan,False,False,0
2025-09-09 13:35:00,2025-09-09 13:35:00,0.24668,0.24719,0.246,0.24615,65069.0,0.0016607142857142912,nan,-0.7478991596638459,nan,2.7856861661125962,Mean-reversion,-0.002150843919082522,nan,nan,False,False,0
2025-09-09 13:40:00,2025-09-09 13:40:00,0.24615,0.24766,0.24615,0.24766,28155.0,0.0015650000000000028,nan,1.0,nan,2.79400476899544,Mean-reversion,0.006115731582742956,nan,nan,False,False,0
2025-09-09 13:45:00,2025-09-09 13:45:00,0.24766,0.2485,0.24709,0.24709,144300.0,0.0015185714285714305,nan,-1.0,nan,2.7961515227234677,Mean-reversion,-0.002304195056866785,nan,nan,False,False,0
2025-09-09 13:50:00,2025-09-09 13:50:00,0.24709,0.24747,0.2464,0.2465,28835.0,0.0014021428571428577,nan,-0.8130841121495511,nan,2.7851090630696276,Mean-reversion,-0.0023906492473409475,nan,nan,False,False,0
2025-09-09 13:55:00,2025-09-09 13:55:00,0.2465,0.24692,0.24625,0.24679,45240.0,0.00135357142857143,nan,0.6119402985074911,nan,2.7888436136939325,Mean-reversion,0.0011757790890120365,nan,nan,False,False,0
2025-09-09 14:00:00,2025-09-09 14:00:00,0.24679,0.24778,0.24302,0.24395,376998.0,0.0016171428571428567,nan,-0.6092436974789962,nan,2.8064636834753953,Mean-reversion,-0.01157448630991059,nan,nan,False,False,0
2025-09-09 14:05:00,2025-09-09 14:05:00,0.24395,0.24481,0.24265,0.24375,156108.0,0.0016771428571428551,nan,0.01851851851851138,nan,2.773231268859718,Mean-reversion,-0.0008201763838896378,nan,nan,False,False,0
2025-09-09 14:10:00,2025-09-09 14:10:00,0.24375,0.24558,0.24356,0.24553,99903.0,0.0016914285714285699,nan,0.9504950495049558,nan,2.776290176668938,Mean-reversion,0.007276029483524747,nan,nan,False,False,0
2025-09-09 14:15:00,2025-09-09 14:15:00,0.24553,0.2456,0.24385,0.24429,57977.0,0.0017199999999999974,nan,-0.4971428571428622,nan,2.7842753587339337,Mean-reversion,-0.005063095214331635,nan,nan,False,False,0
2025-09-09 14:20:00,2025-09-09 14:20:00,0.24429,0.24444,0.24307,0.24339,72775.0,0.0016707142857142812,nan,-0.5328467153284802,nan,2.7890476874822787,Mean-reversion,-0.003690949072066331,nan,nan,False,False,0
2025-09-09 14:25:00,2025-09-09 14:25:00,0.24339,0.24353,0.24232,0.24325,82029.0,0.001684999999999994,nan,0.5371900826446198,nan,2.750160973247646,Mean-reversion,-0.0005753740089689119,nan,nan,False,False,0
2025-09-09 14:30:00,2025-09-09 14:30:00,0.24325,0.24325,0.23889,0.23914,634210.0,0.0018664285714285664,0.24449897520580188,-0.8853211009174312,5.3446839829150345,2.6627852294704537,Mean-reversion,-0.01704056657468048,0.24561883234865903,0.24337911806294474,True,False,1
2025-09-09 14:35:00,2025-09-09 14:35:00,0.23914,0.24013,0.23753,0.23965,336067.0,0.001975714285714281,0.24423511513049373,0.6307692307692272,2.6809600537148772,2.6450848293366955,Mean-reversion,0.002130371114206423,0.2454205437019223,0.24304968655906517,False,False,0
2025-09-09 14:40:00,2025-09-09 14:40:00,0.23965,0.23982,0.23856,0.239,86537.0,0.0019528571428571392,0.24418072116206094,-0.30158730158731417,0.6857463225819659,2.635527580441544,Mean-reversion,-0.0027159736741297065,0.2453524354477752,0.24300900687634666,False,False,0
2025-09-09 14:45:00,2025-09-09 14:45:00,0.239,0.24023,0.23882,0.2396,117483.0,0.0019685714285714246,0.24411535240735197,0.10638297872341264,0.9212379504978591,2.628856146688344,Mean-reversion,0.0025073143097837673,0.24529649526449482,0.2429342095502091,False,False,0
2025-09-09 14:50:00,2025-09-09 14:50:00,0.2396,0.24067,0.2389,0.24067,63564.0,0.001987142857142854,0.24411487518995675,1.0,0.4986635608935396,2.626368271123431,Mean-reversion,0.004455834303018506,0.24530716090424246,0.24292258947567105,False,False,0
2025-09-09 14:55:00,2025-09-09 14:55:00,0.24067,0.24071,0.24003,0.24042,36709.0,0.0019349999999999981,0.24410036418949826,0.14705882352939256,0.286935285543463,2.6026156226803074,Mean-reversion,-0.0010393066682046505,0.24526136418949826,0.24293936418949827,False,False,0
2025-09-09 15:00:00,2025-09-09 15:00:00,0.24042,0.24079,0.23967,0.24,90539.0,0.0019385714285714284,0.2440495970180008,-0.41071428571429636,0.6995998029601058,2.645113551324676,Mean-reversion,-0.0017484705341169404,0.24521273987514366,0.24288645416085794,False,False,0
2025-09-09 15:05:00,2025-09-09 15:05:00,0.24,0.24006,0.23903,0.23943,183306.0,0.001964285714285714,0.2439335114227915,-0.22330097087376652,1.3850707097452206,2.632576683262858,Mean-reversion,-0.002377824785964002,0.2451120828513629,0.24275493999422007,False,False,0
2025-09-09 15:10:00,2025-09-09 15:10:00,0.23943,0.23943,0.23821,0.23865,130903.0,0.001711428571428572,0.24383473872984346,-0.2786885245901699,0.972112586845993,2.6363435782203157,Mean-reversion,-0.0032630551041216206,0.2448615958727006,0.24280788158698632,False,False,0
2025-09-09 15:15:00,2025-09-09 15:15:00,0.23865,0.23966,0.23797,0.23813,133982.0,0.0016778571428571456,0.24373975195494815,-0.8106508875739421,0.9823638035845516,2.636713899993521,Mean-reversion,-0.0021813004160538873,0.24474646624066243,0.24273303766923388,False,False,0
2025-09-09 15:20:00,2025-09-09 15:20:00,0.23813,0.23896,0.23768,0.23894,76286.0,0.0016250000000000034,0.24368961191751928,0.9687500000000122,0.554531099435781,2.6301207166899694,Mean-reversion,0.0033957313532259627,0.2446646119175193,0.24271461191751928,False,False,0
2025-09-09 15:25:00,2025-09-09 15:25:00,0.23894,0.23927,0.23861,0.23926,94159.0,0.001547142857142862,0.24369859385866793,0.9696969696969404,0.701001148370598,2.6159115983773,Mean-reversion,0.0013383523536803614,0.24462687957295365,0.24277030814438222,False,False,0
2025-09-09 15:30:00,2025-09-09 15:30:00,0.23926,0.23926,0.23788,0.23922,98263.0,0.0015478571428571483,0.24364310736197356,0.9420289855072284,0.7242032131575045,2.567033277076616,Mean-reversion,-0.0001671961214394942,0.24457182164768784,0.24271439307625928,False,False,0
2025-09-09 15:35:00,2025-09-09 15:35:00,0.23922,0.23922,0.23753,0.23791,63776.0,0.0015821428571428633,0.2435938996084414,-0.5502958579881422,0.4668398251497854,2.60258456706423,Mean-reversion,-0.005491179727566058,0.24454318532272712,0.2426446138941557,False,False,0
2025-09-09 15:40:00,2025-09-09 15:40:00,0.23791,0.23812,0.23724,0.2377,81304.0,0.001333571428571434,0.24353034961523748,0.04545454545452825,0.5903910951908882,2.597475076943465,Mean-reversion,-0.0008830765276043191,0.24433049247238034,0.24273020675809462,False,False,0
2025-09-09 15:45:00,2025-09-09 15:45:00,0.2377,0.23806,0.23704,0.23729,155423.0,0.0012207142857142892,0.2433968657965961,-0.5098039215686238,1.1101530520226879,2.6159928034443896,Mean-reversion,-0.0017263525624820588,0.2441292943680247,0.24266443722516753,False,False,0
2025-09-09 15:50:00,2025-09-09 15:50:00,0.23729,0.23874,0.2367,0.23869,96478.0,0.0012764285714285753,0.24334080078190168,0.9509803921568685,0.6837127928624895,2.621616433812124,Mean-reversion,0.005882617073276591,0.24410665792475883,0.24257494363904453,False,False,0
2025-09-09 15:55:00,2025-09-09 15:55:00,0.23869,0.23877,0.23811,0.23818,80518.0,0.0012228571428571486,0.24328842190523095,-0.7878787878787509,0.5664896049530376,2.60721485746587,Mean-reversion,-0.0021389485370930895,0.24402213619094523,0.24255470761951667,False,False,0
2025-09-09 16:00:00,2025-09-09 16:00:00,0.23818,0.239,0.23818,0.23865,122555.0,0.0011550000000000052,0.2432294001785339,0.14634146341464735,0.8668295614189939,2.5928903678036703,Mean-reversion,0.0019713531120557465,0.2439224001785339,0.2425364001785339,False,False,0
2025-09-09 16:05:00,2025-09-09 16:05:00,0.23865,0.23865,0.23755,0.23755,64882.0,0.0011850000000000035,0.243086355631082,-1.0,0.480335069283249,2.638441705918534,Mean-reversion,-0.00461991581897518,0.24379735563108199,0.242375355631082,False,False,0
2025-09-09 16:10:00,2025-09-09 16:10:00,0.23755,0.23907,0.23733,0.23907,67619.0,0.0012292857142857164,0.2428464981814348,1.0,0.5256279309069927,2.8161362734950712,Mean-reversion,0.006378268444836203,0.24358406961000623,0.24210892675286338,False,False,0
2025-09-09 16:15:00,2025-09-09 16:15:00,0.23907,0.23933,0.23825,0.23845,49819.0,0.0012328571428571447,0.24272565665655974,-0.6296296296296182,0.39429122332554034,2.8191056009559086,Mean-reversion,-0.002596751333533102,0.24346537094227402,0.24198594237084545,False,False,0
2025-09-09 16:20:00,2025-09-09 16:20:00,0.23845,0.23852,0.23768,0.23852,49289.0,0.001205714285714288,0.24238432850285851,1.0,0.4048181094553242,2.777669660762452,Mean-reversion,0.00029351951067189155,0.24310775707428708,0.24166089993142995,False,False,0
2025-09-09 16:25:00,2025-09-09 16:25:00,0.23852,0.23939,0.23835,0.23842,41131.0,0.0011592857142857138,0.24211504704040684,-0.865384615384639,0.34961342716386934,2.740910882307712,Mean-reversion,-0.00041933996504968444,0.24281061846897828,0.2414194756118354,False,False,0
2025-09-09 16:30:00,2025-09-09 16:30:00,0.23842,0.2391,0.23836,0.2391,29446.0,0.0011207142857142863,0.24186832671251882,1.0,0.2632324101440935,2.743608888340547,Mean-reversion,0.0028480501744236365,0.2425407552839474,0.24119589814109024,False,False,0
2025-09-09 16:35:00,2025-09-09 16:35:00,0.2391,0.2391,0.23859,0.23879,10967.0,0.0011099999999999999,0.24162221010607718,-0.21568627450979752,0.10259180654704482,2.7488315278882336,Mean-reversion,-0.0012973698695593258,0.24228821010607718,0.24095621010607718,False,False,0
2025-09-09 16:40:00,2025-09-09 16:40:00,0.23879,0.23966,0.23868,0.2394,29831.0,0.0010814285714285724,0.2414902586274861,0.46938775510202463,0.28724778845033144,2.7555186040902164,Mean-reversion,0.002551288529153042,0.24213911577034325,0.24084140148462896,False,False,0
2025-09-09 16:45:00,2025-09-09 16:45:00,0.2394,0.2394,0.2385,0.23851,66755.0,0.001025000000000002,0.24141093315682072,-0.9777777777777559,0.6396134181802285,2.757997771242246,Mean-reversion,-0.0037245549532870905,0.24202593315682072,0.2407959331568207,False,False,0
2025-09-09 16:50:00,2025-09-09 16:50:00,0.23851,0.23895,0.23842,0.23892,31695.0,0.0010000000000000028,0.2413300385534139,0.8867924528301808,0.30539217851077755,2.7488687910190963,Mean-reversion,0.0017175296935194892,0.24193003855341388,0.2407300385534139,False,False,0
2025-09-09 16:55:00,2025-09-09 16:55:00,0.23892,0.24,0.23879,0.23972,35354.0,0.0010135714285714312,0.24126521486165176,0.5371900826446198,0.34237604445865694,2.7532203047483614,Mean-reversion,0.0033428077258792436,0.24187335771879462,0.2406570720045089,False,False,0
2025-09-09 17:00:00,2025-09-09 17:00:00,0.23972,0.24043,0.23958,0.24012,30398.0,0.0009285714285714314,0.24119925015012297,0.2705882352941215,0.29761549268884896,2.7434774313386154,Mean-reversion,0.0016672227936579361,0.24175639300726584,0.2406421072929801,False,False,0
2025-09-09 17:05:00,2025-09-09 17:05:00,0.24012,0.24053,0.23999,0.24043,45274.0,0.0009200000000000001,0.24115512170510886,0.6296296296296601,0.4429953031105146,2.742612742091165,Mean-reversion,0.0012901885048457217,0.24170712170510886,0.24060312170510886,False,False,0
2025-09-09 17:10:00,2025-09-09 17:10:00,0.24043,0.24167,0.24043,0.24145,120930.0,0.0009500000000000004,0.24105457697623334,0.6451612903225814,1.1761328097377275,2.790774497828515,Mean-reversion,0.004233425431062798,0.24162457697623332,0.24048457697623335,False,False,0
2025-09-09 17:15:00,2025-09-09 17:15:00,0.24145,0.24186,0.24044,0.24048,103903.0,0.0009728571428571443,0.24096043297563383,-0.9436619718309689,1.005072576066977,2.8003832696214026,Mean-reversion,-0.004025486314886519,0.24154414726134812,0.24037671868991953,False,False,0
2025-09-09 17:20:00,2025-09-09 17:20:00,0.24048,0.24063,0.23997,0.24027,74465.0,0.0008957142857142894,0.24083497675692786,-0.09090909090905268,0.7247823566376435,2.8001523449887364,Mean-reversion,-0.0008736350009637263,0.24137240532835644,0.24029754818549928,False,False,0
2025-09-09 17:25:00,2025-09-09 17:25:00,0.24027,0.24033,0.23882,0.23907,177282.0,0.000926428571428574,0.24070430170545962,-0.6688741721854266,1.683174810894592,2.8024714269179127,Mean-reversion,-0.005006894925934199,0.24126015884831675,0.24014844456260248,True,False,1
2025-09-09 17:30:00,2025-09-09 17:30:00,0.23907,0.23937,0.23861,0.2388,91217.0,0.0009207142857142886,0.24044378505750738,-0.4999999999999452,0.8827971324118274,2.799626689425667,Mean-reversion,-0.0011300145593193978,0.24099621362893595,0.23989135648607882,False,False,0
2025-09-09 17:35:00,2025-09-09 17:35:00,0.2388,0.2388,0.23787,0.23824,75074.0,0.0009128571428571478,0.24033578190732544,-0.2043010752688095,0.7251026367116169,2.8010172143982297,Mean-reversion,-0.0023478125827482293,0.24088349619303973,0.23978806762161115,False,False,0
2025-09-09 17:40:00,2025-09-09 17:40:00,0.23824,0.23927,0.23817,0.23917,50592.0,0.0009385714285714335,0.24028265998617834,0.8181818181817907,0.4864469216670172,2.805171121494577,Mean-reversion,0.0038960272150744307,0.24084580284332122,0.23971951712903547,False,False,0
2025-09-09 17:45:00,2025-09-09 17:45:00,0.23917,0.23953,0.23889,0.23936,39999.0,0.0009478571428571471,0.24007414195692214,0.4687499999999905,0.39280100510469945,2.7857041872927284,Mean-reversion,0.0007940986353390038,0.24064285624263643,0.23950542767120786,False,False,0
2025-09-09 17:50:00,2025-09-09 17:50:00,0.23936,0.23948,0.23901,0.23924,11006.0,0.000911428571428575,0.2400342098451341,-0.02127659574464316,0.10847758325427821,2.7851237095358234,Mean-reversion,-0.0005014626097560303,0.24058106698799125,0.23948735270227695,False,False,0
2025-09-09 17:55:00,2025-09-09 17:55:00,0.23924,0.23995,0.2391,0.23987,107948.0,0.0009078571428571448,0.2399686562466043,0.8117647058823583,1.050433755925727,2.7851619060284576,Mean-reversion,0.0026298777445824643,0.24051337053231858,0.23942394196089,False,False,0
2025-09-09 18:00:00,2025-09-09 18:00:00,0.23987,0.2404,0.23916,0.23936,56477.0,0.0009585714285714296,0.2396357714235289,-0.6774193548387429,0.587765466727751,2.823118666354186,Mean-reversion,-0.0021284151348262875,0.24021091428067176,0.23906062856638605,False,False,0
2025-09-09 18:05:00,2025-09-09 18:05:00,0.23936,0.2398,0.2392,0.23977,17976.0,0.0009150000000000032,0.23949275837575365,0.8999999999999954,0.19285505942569137,2.8511375330804447,Mean-reversion,0.001711435727566963,0.24004175837575364,0.23894375837575366,False,False,0
2025-09-09 18:10:00,2025-09-09 18:10:00,0.23977,0.23977,0.23882,0.23937,37025.0,0.0009221428571428594,0.23935499901500656,0.1578947368420868,0.4028838430929292,2.8461131238451043,Mean-reversion,-0.0016696585253801266,0.2399082847292923,0.23880171330072084,False,False,0
2025-09-09 18:15:00,2025-09-09 18:15:00,0.23937,0.23988,0.23908,0.23961,15778.0,0.0009407142857142907,0.23929043200294436,0.32499999999996876,0.1733450095422337,2.8406594353910912,Mean-reversion,0.0010021296091078794,0.23985486057437294,0.2387260034315158,False,False,0
2025-09-09 18:20:00,2025-09-09 18:20:00,0.23961,0.24041,0.23961,0.24032,33311.0,0.0009092857142857216,0.23922944388703263,0.7749999999999896,0.3693071817890794,2.840529726587901,Mean-reversion,0.0029587669783628042,0.23977501531560405,0.2386838724584612,False,False,0
2025-09-09 18:25:00,2025-09-09 18:25:00,0.24032,0.24095,0.24027,0.24056,46123.0,0.0008564285714285774,0.2391669249734723,-0.1470588235294394,0.5156254803629937,2.829647345222043,Mean-reversion,0.0009981701045037742,0.23968078211632945,0.23865306783061516,False,False,0
2025-09-09 18:30:00,2025-09-09 18:30:00,0.24056,0.24056,0.23978,0.24025,45523.0,0.0008650000000000047,0.23918484183418848,0.20512820512819602,0.5897810518440105,2.8242985138935404,Mean-reversion,-0.0012894908298717507,0.23970384183418847,0.23866584183418849,False,False,0
2025-09-09 18:35:00,2025-09-09 18:35:00,0.24025,0.2404,0.23954,0.23957,22748.0,0.0008185714285714343,0.23914133382198843,-0.9302325581395297,0.321941537117049,2.8264753284962127,Mean-reversion,-0.0028343981295040864,0.2396324766791313,0.23865019096484558,False,False,0
2025-09-09 18:40:00,2025-09-09 18:40:00,0.23957,0.24029,0.23954,0.23993,200860.0,0.0008178571428571479,0.23919000603261031,0.040000000000002964,2.7499803904510767,2.8246463850134576,Mean-reversion,0.001501564411432147,0.2396807203183246,0.23869929174689603,False,False,0
2025-09-09 18:45:00,2025-09-09 18:45:00,0.23993,0.24039,0.23991,0.24005,13145.0,0.0007857142857142883,0.23917916918385929,-0.41666666666663776,0.1854887998525403,2.8045593390117642,Mean-reversion,0.0005000208446193603,0.23965059775528785,0.23870774061243072,False,False,0
2025-09-09 18:50:00,2025-09-09 18:50:00,0.24005,0.24085,0.23992,0.24059,24532.0,0.000773571428571431,0.23916128031345027,0.44086021505374995,0.3501887690237393,2.816942129945279,Mean-reversion,0.0022470049401063885,0.23962542317059313,0.2386971374563074,False,False,0
2025-09-09 18:55:00,2025-09-09 18:55:00,0.24059,0.24079,0.24011,0.24037,202591.0,0.0007764285714285747,0.23921758520509104,-0.23529411764704442,2.7559831393722525,2.8165367928249205,Mean-reversion,-0.0009148370564856523,0.2396834423479482,0.23875172806223388,False,False,0
2025-09-09 19:00:00,2025-09-09 19:00:00,0.24037,0.24085,0.24027,0.24071,113201.0,0.0007842857142857175,0.2392452113685855,0.5172413793103382,1.53012275848824,2.826263527503369,Mean-reversion,0.001413486557780009,0.23971578279715694,0.23877463994001408,False,True,-1
2025-09-09 19:05:00,2025-09-09 19:05:00,0.24071,0.24091,0.24055,0.24072,18238.0,0.0007492857142857182,0.23924315124905088,-0.055555555555688335,0.2585383386133286,2.814482692562614,Mean-reversion,4.1542903439314336e-05,0.23969272267762232,0.23879357982047944,False,False,0
2025-09-09 19:10:00,2025-09-09 19:10:00,0.24072,0.24138,0.24064,0.24134,26008.0,0.0007135714285714344,0.23928343586833423,0.8918918918918615,0.3804707852964016,2.8187161457978163,Mean-reversion,0.0025722953236650636,0.23971157872547708,0.23885529301119138,False,False,0
2025-09-09 19:15:00,2025-09-09 19:15:00,0.24134,0.24158,0.24098,0.24157,64225.0,0.0007135714285714324,0.23937728724770732,0.9666666666667253,0.9599554586645883,2.8094567946027693,Mean-reversion,0.0009525585197706855,0.23980543010485017,0.23894914439056447,False,False,0
2025-09-09 19:20:00,2025-09-09 19:20:00,0.24157,0.24231,0.24152,0.24187,227821.0,0.0007021428571428595,0.2395560749393238,-0.11392405063292206,3.2517462430127977,2.8328175715039476,Mean-reversion,0.001241105570530214,0.2399773606536095,0.23913478922503809,False,False,0
2025-09-09 19:25:00,2025-09-09 19:25:00,0.24187,0.24229,0.24181,0.24229,76883.0,0.0006792857142857156,0.23962723298376581,1.0,1.1030368316187729,2.844106787115699,Mean-reversion,0.0017349640835819156,0.24003480441233724,0.2392196615551944,False,False,0
2025-09-09 19:30:00,2025-09-09 19:30:00,0.24229,0.24316,0.24188,0.24307,55085.0,0.0007135714285714265,0.23969677489038543,0.8593750000000302,0.8006346745476126,2.853530067109487,Mean-reversion,0.0032141118818335714,0.24012491774752828,0.23926863203324258,False,False,0
2025-09-09 19:35:00,2025-09-09 19:35:00,0.24307,0.24332,0.24211,0.24211,56878.0,0.0007514285714285715,0.23977300202513546,-1.0,0.8284254495867498,2.834278112637097,Mean-reversion,-0.00395729936443036,0.2402238591679926,0.23932214488227832,False,False,0
2025-09-09 19:40:00,2025-09-09 19:40:00,0.24211,0.24211,0.24125,0.24158,136103.0,0.000757142857142857,0.23989671368718962,-0.23255813953489046,1.9499107713421249,2.8341853126053023,Mean-reversion,-0.002191487159608523,0.24035099940147533,0.2394424279729039,False,False,0
2025-09-09 19:45:00,2025-09-09 19:45:00,0.24158,0.24181,0.2414,0.24164,28462.0,0.0007249999999999994,0.24003779386800353,0.17073170731704346,0.4238281080343238,2.7977673350775643,Mean-reversion,0.0002483340934081833,0.24047279386800352,0.23960279386800354,False,False,0
2025-09-09 19:50:00,2025-09-09 19:50:00,0.24164,0.24205,0.24154,0.24167,30376.0,0.000707857142857141,0.24009468150183164,-0.4901960784313896,0.4617995399893201,2.750902289905498,Mean-reversion,0.0001241439243489511,0.24051939578754591,0.23966996721611736,False,False,0
2025-09-09 19:55:00,2025-09-09 19:55:00,0.24167,0.24172,0.24094,0.24109,46679.0,0.0007292857142857141,0.24015891333990083,-0.615384615384588,0.7173385830351349,2.760657099373422,Mean-reversion,-0.002402851433680872,0.24059648476847226,0.2397213419113294,False,False,0
2025-09-09 20:00:00,2025-09-09 20:00:00,0.24109,0.24116,0.24052,0.24095,42310.0,0.0007085714285714274,0.24023067770339057,0.3437499999999526,0.667342701875702,2.7432183218115944,Mean-reversion,-0.0005808646748667098,0.24065582056053342,0.23980553484624773,False,False,0
2025-09-09 20:05:00,2025-09-09 20:05:00,0.24095,0.24096,0.24048,0.24054,38432.0,0.0006942857142857127,0.24029227164092626,-0.7499999999999856,0.6114909121766756,2.752385640558859,Mean-reversion,-0.0017030472038710989,0.2407088430694977,0.23987570021235483,False,False,0
2025-09-09 20:10:00,2025-09-09 20:10:00,0.24054,0.24083,0.24016,0.24065,56835.0,0.0007007142857142827,0.2403265298835662,0.4626865671642026,0.9075449101796407,2.729016207674943,Mean-reversion,0.0004571998666477664,0.24074695845499477,0.23990610131213763,False,False,0
2025-09-09 20:15:00,2025-09-09 20:15:00,0.24065,0.24089,0.24026,0.24086,70534.0,0.0007199999999999965,0.24036984900131,0.9047619047618963,1.1185830182227265,2.7221293673900724,Mean-reversion,0.0008722560832153453,0.24080184900131,0.23993784900131002,False,False,0
2025-09-09 20:20:00,2025-09-09 20:20:00,0.24086,0.24121,0.24061,0.24083,76702.0,0.0007099999999999963,0.24041125908933744,-0.2666666666666944,1.2054818920490562,2.6728082755055884,Mean-reversion,-0.00012456144009127847,0.24083725908933745,0.23998525908933743,False,False,0
2025-09-09 20:25:00,2025-09-09 20:25:00,0.24083,0.24083,0.24005,0.24033,45280.0,0.0007228571428571382,0.24043683658478285,-0.282051282051324,0.7106746707378043,2.699215413425349,Mean-reversion,-0.0020783114971074075,0.24087055087049714,0.24000312229906856,False,False,0
2025-09-09 20:30:00,2025-09-09 20:30:00,0.24033,0.24106,0.24032,0.24044,78312.0,0.00071928571428571,0.2404495853457662,-0.6756756756757223,1.2097853236880312,2.6714988825700616,Mean-reversion,0.0004575992758261752,0.2408811567743376,0.24001801391719477,False,False,0
2025-09-09 20:35:00,2025-09-09 20:35:00,0.24044,0.24077,0.24041,0.2406,14604.0,0.0007107142857142808,0.24045614232764773,0.05555555555553414,0.22534284005940633,2.663465316203639,Mean-reversion,0.0006652253696172311,0.2408825708990763,0.24002971375621915,False,False,0
2025-09-09 20:40:00,2025-09-09 20:40:00,0.2406,0.24069,0.24029,0.24068,18644.0,0.0006478571428571385,0.24046765331770975,0.9500000000000868,0.28871919635900584,2.6292172060418957,Mean-reversion,0.00033244681157246236,0.24085636760342402,0.24007893903199548,False,False,0
2025-09-09 20:45:00,2025-09-09 20:45:00,0.24068,0.24152,0.24063,0.24152,105481.0,0.0006249999999999946,0.24054466452263137,1.0,1.6133120947870498,2.6747704451421224,Mean-reversion,0.0034840350464322915,0.24091966452263136,0.2401696645226314,False,True,-1
2025-09-09 20:50:00,2025-09-09 20:50:00,0.24152,0.24155,0.24053,0.24085,26853.0,0.0006364285714285656,0.24056371457968254,-0.37254901960781006,0.41134624572001005,2.6728652550551737,Mean-reversion,-0.002777952322353609,0.24094557172253966,0.2401818574368254,False,False,0
2025-09-09 20:55:00,2025-09-09 20:55:00,0.24085,0.24179,0.24068,0.24152,45218.0,0.000686428571428566,0.24058696054611953,0.513513513513527,0.6904958768393248,2.682443294469755,Mean-reversion,0.002777952322353627,0.24099881768897666,0.2401751034032624,False,False,0
2025-09-09 21:00:00,2025-09-09 21:00:00,0.24152,0.24152,0.24092,0.24135,210973.0,0.0006928571428571399,0.24063966205523843,0.43333333333333796,3.04661850660486,2.668581659406909,Mean-reversion,-0.0007041232920814411,0.24105537634095273,0.24022394776952413,False,True,-1
2025-09-09 21:05:00,2025-09-09 21:05:00,0.24135,0.24232,0.24129,0.2422,189713.0,0.0007107142857142827,0.24072774664646499,0.7669902912621192,2.6255167074881323,2.660120323419532,Mean-reversion,0.0035156690124898615,0.24115417521789356,0.2403013180750364,False,True,-1
2025-09-09 21:10:00,2025-09-09 21:10:00,0.2422,0.2424,0.24191,0.24211,162594.0,0.0006999999999999983,0.24076689287436906,-0.18367346938776205,2.2234956562913193,2.628494052250858,Mean-reversion,-0.00037166278225108355,0.24118689287436906,0.24034689287436906,False,False,0
2025-09-09 21:15:00,2025-09-09 21:15:00,0.24211,0.24232,0.24166,0.24232,50560.0,0.0007128571428571401,0.2407982334242492,1.0,0.7020848931169714,2.638699223509833,Mean-reversion,0.0008669983822410269,0.24122594770996347,0.2403705191385349,False,False,0
2025-09-09 21:20:00,2025-09-09 21:20:00,0.24232,0.24262,0.24186,0.24221,96646.0,0.000719285714285714,0.24084876050668366,-0.07894736842102092,1.333486257124107,2.609636725941159,Mean-reversion,-0.0004540482607467204,0.24128033193525508,0.24041718907811224,False,False,0
2025-09-09 21:25:00,2025-09-09 21:25:00,0.24221,0.24221,0.24071,0.24085,126630.0,0.0007814285714285718,0.24094079093578127,-0.8133333333333318,1.7730094903892855,2.5808691543743523,Mean-reversion,-0.005630785382005418,0.2414096480786384,0.24047193379292414,False,False,0
2025-09-09 21:30:00,2025-09-09 21:30:00,0.24085,0.24114,0.2404,0.24107,72803.0,0.0007914285714285699,0.2410008190531326,0.8108108108108443,1.024855775617919,2.6219404345159605,Mean-reversion,0.0009130146716573832,0.24147567619598972,0.24052596191027545,False,False,0
2025-09-09 21:35:00,2025-09-09 21:35:00,0.24107,0.24111,0.24073,0.241,38162.0,0.0007628571428571425,0.24106226047243318,0.4210526315789397,0.5430897461782649,2.577181309566141,Mean-reversion,-0.0002904142572323694,0.24151997475814746,0.2406045461867189,False,False,0
2025-09-09 21:40:00,2025-09-09 21:40:00,0.241,0.24113,0.24084,0.24089,13230.0,0.0007307142857142869,0.24109027838862762,-0.6551724137931563,0.19038727729464427,2.570955763748351,Mean-reversion,-0.00045653573184988966,0.24152870696005618,0.24065184981719906,False,False,0
2025-09-09 21:45:00,2025-09-09 21:45:00,0.24089,0.24089,0.24042,0.24071,43525.0,0.0007385714285714297,0.24110604871216093,0.23404255319154715,0.6256882585818752,2.550437427096812,Mean-reversion,-0.0007475083404548357,0.2415491915693038,0.24066290585501807,False,False,0
2025-09-09 21:50:00,2025-09-09 21:50:00,0.24071,0.24071,0.24009,0.24015,38938.0,0.0007542857142857172,0.2411010920692907,-0.8064516129032142,0.5551048047579801,2.5862185168372473,Mean-reversion,-0.0023291613075169674,0.24155366349786214,0.24064852064071926,False,False,0
2025-09-09 21:55:00,2025-09-09 21:55:00,0.24015,0.24032,0.24015,0.24019,21714.0,0.0007028571428571459,0.24113556918086493,-0.5294117647060744,0.31769408191625004,2.5488329976429,Mean-reversion,0.00016654869505962003,0.2415572834665792,0.24071385489515065,False,False,0
2025-09-09 22:00:00,2025-09-09 22:00:00,0.24019,0.24053,0.23976,0.24002,147444.0,0.0006850000000000031,0.24111652685523186,-0.3246753246752919,2.099028741516169,2.5843118521065658,Mean-reversion,-0.0007080236025975846,0.24152752685523185,0.24070552685523186,False,False,0
2025-09-09 22:05:00,2025-09-09 22:05:00,0.24002,0.24049,0.23931,0.24049,118003.0,0.0006900000000000041,0.24110220350343559,1.0,1.6315024044173878,2.583882585095518,Mean-reversion,0.001956255436466678,0.24151620350343558,0.2406882035034356,False,False,0
2025-09-09 22:10:00,2025-09-09 22:10:00,0.24049,0.24077,0.24049,0.24055,50063.0,0.0006671428571428602,0.24111267473663278,-0.5714285714285431,0.6895783455622504,2.5707476180336557,Mean-reversion,0.0002494595057008444,0.2415129604509185,0.24071238902234707,False,False,0
2025-09-09 22:15:00,2025-09-09 22:15:00,0.24055,0.24056,0.24024,0.24039,36531.0,0.0006164285714285733,0.24111190714032646,-0.06250000000006506,0.5002068163237129,2.570753347330425,Mean-reversion,-0.0006653636873739674,0.2414817642831836,0.24074204999746932,False,False,0
2025-09-09 22:20:00,2025-09-09 22:20:00,0.24039,0.24039,0.24003,0.24004,39485.0,0.0006071428571428576,0.24110736659452686,-0.9444444444443888,0.5397044166642936,2.6081809978582315,Mean-reversion,-0.0014570283367767087,0.24147165230881257,0.24074308088024116,False,False,0
2025-09-09 22:25:00,2025-09-09 22:25:00,0.24004,0.24023,0.23974,0.23979,25129.0,0.0005950000000000003,0.24110511549812558,-0.7959183673469573,0.3455438527335158,2.6076654709991747,Mean-reversion,-0.0010420358152746826,0.24146211549812557,0.24074811549812558,False,False,0
2025-09-09 22:30:00,2025-09-09 22:30:00,0.23979,0.24043,0.23969,0.24018,15016.0,0.0005935714285714294,0.24111235088791136,0.32432432432434055,0.20830247046484898,2.61070027965597,Mean-reversion,0.0016251019264999977,0.24146849374505422,0.2407562080307685,False,False,0
2025-09-09 22:35:00,2025-09-09 22:35:00,0.24018,0.24052,0.24012,0.24016,21057.0,0.0005150000000000016,0.24111669719717288,-0.7999999999999445,0.29224625185195463,2.555038743898559,Mean-reversion,-8.327434738534751e-05,0.24142569719717288,0.24080769719717288,False,False,0
2025-09-09 22:40:00,2025-09-09 22:40:00,0.24016,0.2408,0.24012,0.24076,13454.0,0.000510714285714287,0.24118809851542386,0.8823529411765139,0.19742337597543583,2.572727028470208,Mean-reversion,0.0024952187944182152,0.24149452708685243,0.2408816699439953,False,False,0
2025-09-09 22:45:00,2025-09-09 22:45:00,0.24076,0.2408,0.24041,0.24052,17737.0,0.0005114285714285714,0.24118904800631558,-0.43589743589740304,0.25990706091594634,2.5855746065858614,Mean-reversion,-0.0009973405082021225,0.2414959051491727,0.24088219086345844,False,False,0
2025-09-09 22:50:00,2025-09-09 22:50:00,0.24052,0.24132,0.24045,0.24111,74128.0,0.0005528571428571426,0.24119170527081846,0.517241379310314,1.0700251707369883,2.6165497318960362,Mean-reversion,0.0024500147213688418,0.24152341955653275,0.24085999098510416,False,False,0
2025-09-09 22:55:00,2025-09-09 22:55:00,0.24111,0.24135,0.24101,0.24125,11502.0,0.000543571428571429,0.24124503324770813,0.4117647058822665,0.17615207193157045,2.605793095460172,Mean-reversion,0.0005804793263586372,0.241571176104851,0.24091889039056527,False,False,0
2025-09-09 23:00:00,2025-09-09 23:00:00,0.24125,0.2414,0.24081,0.24091,11968.0,0.0005414285714285717,0.2412636805333917,-0.6610169491524898,0.18940654830515852,2.633534766133463,Mean-reversion,-0.0014103204594121354,0.24158853767624885,0.24093882339053455,False,False,0
2025-09-09 23:05:00,2025-09-09 23:05:00,0.24091,0.24162,0.24069,0.2414,21490.0,0.0005957142857142868,0.24126791117244467,0.526881720430119,0.3397382271376909,2.75130310345121,Mean-reversion,0.0020318889037480472,0.24162533974387324,0.2409104826010161,False,False,0
2025-09-09 23:10:00,2025-09-09 23:10:00,0.2414,0.24196,0.24119,0.24138,14727.0,0.0005957142857142887,0.24126783707043348,-0.5064935064934587,0.23368934051232107,2.705580817356219,Mean-reversion,-8.285347367920053e-05,0.24162526564186204,0.2409104084990049,False,False,0
2025-09-09 23:15:00,2025-09-09 23:15:00,0.24138,0.24156,0.2408,0.24084,87970.0,0.0005657142857142884,0.24124912629514894,-0.8947368421052324,1.3850435138571267,2.731012738692164,Mean-reversion,-0.0022396425935047983,0.24158855486657752,0.24090969772372037,True,False,1
2025-09-09 23:20:00,2025-09-09 23:20:00,0.24084,0.24137,0.24063,0.24135,65849.0,0.0005985714285714304,0.2412024276166102,0.9459459459459663,1.0949315345625057,2.750610397988002,Mean-reversion,0.0021153495102549345,0.24156157047375307,0.24084328475946734,False,False,0
2025-09-09 23:25:00,2025-09-09 23:25:00,0.24135,0.24135,0.24074,0.24074,12735.0,0.0006192857142857171,0.24117071714228622,-1.0,0.21656904856718928,2.7558519192308384,Mean-reversion,-0.0025306491549131624,0.24154228857085766,0.24079914571371477,False,False,0
2025-09-09 23:30:00,2025-09-09 23:30:00,0.24074,0.24098,0.24011,0.24012,19131.0,0.0006557142857142892,0.2411259590793114,-0.9770114942528508,0.3295358876914961,2.752719609899354,Mean-reversion,-0.0025787145679464695,0.24151938765073996,0.24073253050788282,False,False,0
2025-09-09 23:35:00,2025-09-09 23:35:00,0.24012,0.2405,0.24004,0.24036,12954.0,0.000653571428571432,0.2411019342680861,0.391304347826066,0.22670914570607062,2.788543975142218,Mean-reversion,0.000999001082084833,0.24149407712522897,0.24070979141094323,False,False,0
2025-09-09 23:40:00,2025-09-09 23:40:00,0.24036,0.24099,0.24036,0.24099,26841.0,0.0006457142857142892,0.24107608556009213,1.0,0.4892368262763611,2.797405905196974,Mean-reversion,0.0026176393881037078,0.2414635141315207,0.24068865698866357,False,False,0
2025-09-09 23:45:00,2025-09-09 23:45:00,0.24099,0.241,0.24069,0.241,10158.0,0.0006392857142857172,0.2410696525819083,1.0,0.1864480406252868,2.7416561793668346,Mean-reversion,4.1494636824002724e-05,0.24145322401047972,0.24068608115333687,False,False,0
2025-09-09 23:50:00,2025-09-09 23:50:00,0.241,0.24115,0.24078,0.24078,2804.0,0.0006171428571428618,0.24106229104155746,-1.0,0.05201526696316358,2.769523832211182,Mean-reversion,-0.0009132799837746123,0.24143257675584318,0.24069200532727175,False,False,0
2025-09-09 23:55:00,2025-09-09 23:55:00,0.24078,0.24078,0.24031,0.24048,9101.0,0.0006228571428571492,0.24105970557692835,-0.2765957446808335,0.17131495664654878,2.7826526878199265,Mean-reversion,-0.0012467275022159708,0.24143341986264263,0.24068599129121407,False,False,0
2025-09-10 00:00:00,2025-09-10 00:00:00,0.24048,0.24077,0.24031,0.24059,11260.0,0.0005935714285714354,0.24105944862480744,0.2173913043477946,0.21456814825401363,2.758851810977179,Mean-reversion,0.0004573139123914317,0.2414155914819503,0.24070330576766458,False,False,0
2025-09-10 00:05:00,2025-09-10 00:05:00,0.24059,0.24069,0.2394,0.23952,48816.0,0.0006614285714285767,0.2410376298657654,-0.813953488372077,0.9264082134848163,2.7280690857311183,Mean-reversion,-0.004457319245737506,0.24143448700862255,0.24064077272290826,False,False,0
2025-09-10 00:10:00,2025-09-10 00:10:00,0.23952,0.23969,0.23896,0.23907,37968.0,0.0006714285714285748,0.24101664705387946,-0.6986301369862962,0.7259548835521464,2.7294954569671206,Mean-reversion,-0.0018805245935517901,0.2414195041967366,0.2406137899110223,False,False,0
2025-09-10 00:15:00,2025-09-10 00:15:00,0.23907,0.23907,0.23823,0.23844,80697.0,0.0006650000000000029,0.24093853916527813,-0.49999999999996697,1.5367198286122352,2.7808405535408918,Mean-reversion,-0.0026386897260406877,0.24133753916527814,0.24053953916527812,True,False,1
2025-09-10 00:20:00,2025-09-10 00:20:00,0.23844,0.23875,0.23833,0.23863,36735.0,0.0006400000000000017,0.24090770872192704,0.42857142857152297,0.7108185692925959,2.7657826763236746,Mean-reversion,0.0007965288533991618,0.24129170872192704,0.24052370872192705,False,False,0
2025-09-10 00:25:00,2025-09-10 00:25:00,0.23863,0.23863,0.2369,0.23706,89214.0,0.0007092857142857159,0.24078209873217862,-0.8150289017341126,1.6962401869310657,2.7062900037512954,Mean-reversion,-0.00660096155377068,0.24120767016075007,0.24035652730360718,True,False,1
2025-09-10 00:30:00,2025-09-10 00:30:00,0.23706,0.23798,0.23697,0.2377,20338.0,0.0007285714285714316,0.24076754696457825,0.4455445544554466,0.39577830635212213,2.7063356602792865,Mean-reversion,0.002696100714793904,0.2412046898217211,0.2403304041074354,False,False,0
2025-09-10 00:35:00,2025-09-10 00:35:00,0.2377,0.23848,0.23755,0.23828,36827.0,0.0007514285714285736,0.2407317218830159,0.569892473118261,0.7102558003484387,2.7354409494051595,Mean-reversion,0.002437078394338474,0.24118257902587303,0.24028086474015875,False,False,0
2025-09-10 00:40:00,2025-09-10 00:40:00,0.23828,0.23855,0.23795,0.23845,17223.0,0.0007321428571428598,0.24071631066235966,0.6666666666666204,0.332357345737207,2.7193915973627547,Mean-reversion,0.0007131919837465903,0.24115559637664538,0.24027702494807393,False,False,0
2025-09-10 00:45:00,2025-09-10 00:45:00,0.23845,0.23848,0.23775,0.23778,6159.0,0.0007514285714285755,0.24067323882477631,-0.917808219178077,0.12379521061542088,2.721314683468214,Mean-reversion,-0.0028137683138347684,0.24112409596763346,0.24022238168191917,False,False,0
2025-09-10 00:50:00,2025-09-10 00:50:00,0.23778,0.23786,0.23707,0.23707,25446.0,0.0007628571428571444,0.2406328332619646,-1.0,0.5117632714422545,2.7761864238959992,Mean-reversion,-0.0029904202552575375,0.2410905475476789,0.24017511897625032,False,False,0
2025-09-10 00:55:00,2025-09-10 00:55:00,0.23707,0.23736,0.23672,0.23722,37007.0,0.0007864285714285708,0.2405628657300643,0.5624999999999784,0.7468444851805058,2.7502593726320965,Mean-reversion,0.0006325244259885622,0.24103472287292144,0.24009100858720717,False,False,0
2025-09-10 01:00:00,2025-09-10 01:00:00,0.23722,0.23753,0.23609,0.2368,94161.0,0.0008628571428571414,0.24033277668491448,-0.01388888888886426,1.9984268074139022,2.7476014019795407,Mean-reversion,-0.0017720775912790309,0.24085049097062877,0.2398150623992002,False,False,0
2025-09-10 01:05:00,2025-09-10 01:05:00,0.2368,0.23739,0.2368,0.23735,26915.0,0.0008714285714285687,0.24012574950032042,0.8644067796610648,0.6155385462004103,2.747107761304191,Mean-reversion,0.0023199419874763796,0.24064860664317755,0.2396028923574633,False,False,0
2025-09-10 01:10:00,2025-09-10 01:10:00,0.23735,0.23773,0.23701,0.23772,8039.0,0.0008899999999999959,0.23994986676370295,0.9722222222221943,0.19846422087240073,2.7407580918347962,Mean-reversion,0.0015576655011328574,0.24048386676370295,0.23941586676370294,False,False,0
2025-09-10 01:15:00,2025-09-10 01:15:00,0.23772,0.23857,0.23767,0.23851,6795.0,0.0008621428571428549,0.2398816656976362,0.8666666666666585,0.1716157377566725,2.7555782996988945,Mean-reversion,0.0033177276721258666,0.2403989514119219,0.23936437998335047,False,False,0
2025-09-10 01:20:00,2025-09-10 01:20:00,0.23851,0.23856,0.23818,0.23825,12060.0,0.0008371428571428557,0.23974691332693446,-0.6315789473684825,0.3187772276491666,2.74090109060036,Mean-reversion,-0.0010906956362742135,0.24024919904122016,0.23924462761264875,False,False,0
2025-09-10 01:25:00,2025-09-10 01:25:00,0.23825,0.23888,0.23825,0.23844,23422.0,0.0008221428571428566,0.23964748475972,-0.3968253968253409,0.6564113103575517,2.7777652893102047,Mean-reversion,0.0007971638174143536,0.24014077047400573,0.23915419904543428,False,False,0
2025-09-10 01:30:00,2025-09-10 01:30:00,0.23844,0.23919,0.23843,0.23908,22878.0,0.0008464285714285714,0.2395773946269138,0.7105263157894074,0.6604161880580176,2.795528728180448,Mean-reversion,0.0026805176043274864,0.24008525176977094,0.23906953748405665,False,False,0
2025-09-10 01:35:00,2025-09-10 01:35:00,0.23908,0.23952,0.23896,0.23922,20316.0,0.0007628571428571425,0.2395399771240638,-0.07142857142864223,0.592821709950394,2.778871183610712,Mean-reversion,0.0005854066652652392,0.23999769140977809,0.23908226283834952,False,False,0
2025-09-10 01:40:00,2025-09-10 01:40:00,0.23922,0.23924,0.23873,0.239,20981.0,0.0007271428571428568,0.23952231519606274,0.05882352941171348,0.6093551746191561,2.793544309412859,Mean-reversion,-0.0009200786898080224,0.23995860091034846,0.239086029481777,False,False,0
2025-09-10 01:45:00,2025-09-10 01:45:00,0.239,0.23906,0.23847,0.2386,23955.0,0.000702857142857144,0.2394771335236823,-0.5593220338982461,0.7040665809014652,2.8025566895471283,Mean-reversion,-0.0016750422676948438,0.23989884780939658,0.23905541923796803,False,False,0
2025-09-10 01:50:00,2025-09-10 01:50:00,0.2386,0.23888,0.23832,0.23859,12140.0,0.0007000000000000002,0.23945411859111038,-0.035714285714321115,0.36276187588827546,2.747606687334377,Mean-reversion,-4.191202666221117e-05,0.23987411859111038,0.23903411859111037,False,False,0
2025-09-10 01:55:00,2025-09-10 01:55:00,0.23859,0.23878,0.23848,0.23862,3920.0,0.0006692857142857135,0.23944200144912117,-0.06666666666664199,0.11844771549382486,2.6952028306541145,Mean-reversion,0.0001257308105006233,0.2398435728776926,0.23904043002054975,False,False,0
2025-09-10 02:00:00,2025-09-10 02:00:00,0.23862,0.24005,0.23862,0.23956,24329.0,0.0007150000000000013,0.23938580537915732,0.3146853146852962,0.7968915693234905,2.708698305349299,Mean-reversion,0.003931578948607322,0.23981480537915734,0.2389568053791573,False,False,0
2025-09-10 02:05:00,2025-09-10 02:05:00,0.23956,0.24043,0.23936,0.24004,25254.0,0.00074571428571429,0.23930291873955056,0.2710280373831853,0.8830809690497091,2.7734528706636277,Mean-reversion,0.0020016687250504856,0.23975034731097913,0.238855490168122,False,False,0
2025-09-10 02:10:00,2025-09-10 02:10:00,0.24004,0.24091,0.23999,0.24064,17185.0,0.0007085714285714334,0.2392734705521019,0.41304347826082827,0.6156707645205616,2.7744363134908383,Mean-reversion,0.0024964646401628254,0.23969861340924475,0.23884832769495906,False,False,0
2025-09-10 02:15:00,2025-09-10 02:15:00,0.24064,0.24087,0.24044,0.24067,19319.0,0.0006971428571428644,0.23926303017930656,0.06976744186046811,0.7011307316298641,2.7252538030562494,Mean-reversion,0.00012465978283779556,0.2396813158935923,0.23884474446502083,False,False,0
2025-09-10 02:20:00,2025-09-10 02:20:00,0.24067,0.24141,0.24064,0.24141,37409.0,0.0007007142857142946,0.23930061944583914,1.0,1.3597926269898426,2.7408076594463733,Mean-reversion,0.003070032281838312,0.2397210480172677,0.23888019087441056,False,True,-1
2025-09-10 02:25:00,2025-09-10 02:25:00,0.24141,0.24195,0.24125,0.24125,33265.0,0.0006864285714285799,0.23934016959255786,-1.0,1.2017566636937353,2.721038787953771,Mean-reversion,-0.0006629926070559287,0.239752026735415,0.2389283124497007,False,False,0
2025-09-10 02:30:00,2025-09-10 02:30:00,0.24125,0.24179,0.24085,0.24166,32758.0,0.0007264285714285802,0.23938724494335628,0.7234042553191665,1.1678457394067276,2.7247206497910654,Mean-reversion,0.001698039380066972,0.23982310208621344,0.23895138780049913,False,False,0
2025-09-10 02:35:00,2025-09-10 02:35:00,0.24166,0.24197,0.24113,0.24119,21003.0,0.0007414285714285774,0.23940328198683394,-0.857142857142909,0.7488017540849545,2.7462936810780114,Mean-reversion,-0.001946774975412853,0.23984813912969108,0.2389584248439768,False,False,0
2025-09-10 02:40:00,2025-09-10 02:40:00,0.24119,0.24175,0.24115,0.24169,18666.0,0.0007300000000000044,0.23942135790256405,0.7999999999999815,0.6629164184957327,2.7471696819409495,Mean-reversion,0.0020709086261359298,0.23985935790256405,0.23898335790256406,False,False,0
2025-09-10 02:45:00,2025-09-10 02:45:00,0.24169,0.24175,0.24136,0.24138,16597.0,0.000717857142857147,0.2394310000999693,-0.8974358974357952,0.5899342054109292,2.741921871930893,Mean-reversion,-0.0012834580601333097,0.23986171438568357,0.239000285814255,False,False,0
2025-09-10 02:50:00,2025-09-10 02:50:00,0.24138,0.24149,0.24095,0.24095,15840.0,0.0007200000000000044,0.23935329880112405,-1.0,0.5884251315853627,2.743439130334056,Mean-reversion,-0.0017830121034101295,0.23978529880112406,0.23892129880112403,False,False,0
2025-09-10 02:55:00,2025-09-10 02:55:00,0.24095,0.24095,0.24053,0.2407,29434.0,0.000707857142857147,0.2393669034906062,-0.19047619047618103,1.0784491385502486,2.745927897684427,Mean-reversion,-0.001038098297315494,0.23979161777632046,0.2389421892048919,False,False,0
2025-09-10 03:00:00,2025-09-10 03:00:00,0.2407,0.2407,0.24026,0.2407,43300.0,0.0006992857142857177,0.23939616811205683,1.0,1.549436368665065,2.6874652563377865,Mean-reversion,0.0,0.23981573954062826,0.2389765966834854,False,True,-1
2025-09-10 03:05:00,2025-09-10 03:05:00,0.2407,0.2407,0.24024,0.24024,38306.0,0.0007107142857142887,0.2393882617156295,-1.0,1.3537612455244303,2.703155186736059,Mean-reversion,-0.0019129211139514123,0.23981469028705807,0.2389618331442009,False,False,0
2025-09-10 03:10:00,2025-09-10 03:10:00,0.24024,0.24086,0.24022,0.24086,27742.0,0.0006542857142857164,0.23939664594062812,1.0,0.9711162743888299,2.7040797093019906,Mean-reversion,0.0025774281572588215,0.23978921736919956,0.23900407451205669,False,False,0
2025-09-10 03:15:00,2025-09-10 03:15:00,0.24086,0.24136,0.24086,0.24097,15254.0,0.0006135714285714296,0.23931734564183763,-0.5600000000000045,0.5638726351668765,2.6982573657471614,Mean-reversion,0.0004565925820767827,0.23968548849898047,0.23894920278469478,False,False,0
2025-09-10 03:20:00,2025-09-10 03:20:00,0.24097,0.24099,0.24058,0.24058,6523.0,0.0005771428571428594,0.23921597863910005,-1.0,0.252670314240062,2.7093192986391106,Mean-reversion,-0.0016197698484841543,0.23956226435338576,0.23886969292481433,False,False,0
2025-09-10 03:25:00,2025-09-10 03:25:00,0.24058,0.24063,0.23975,0.23989,62129.0,0.0006092857142857169,0.2392334148601477,-0.6818181818181861,2.314335071171698,2.706252616590463,Mean-reversion,-0.0028721896240957384,0.23959898628871915,0.23886784343157627,False,False,0
2025-09-10 03:30:00,2025-09-10 03:30:00,0.23989,0.24055,0.23988,0.24029,33588.0,0.0006021428571428586,0.2392476334945216,0.2238805970148994,1.2372875242415566,2.7632611248095578,Mean-reversion,0.0016660422863228866,0.2396089192088073,0.2388863477802359,False,False,0
2025-09-10 03:35:00,2025-09-10 03:35:00,0.24029,0.24046,0.23997,0.24025,58276.0,0.0005871428571428595,0.23928026909867073,0.1428571428571105,2.0745665267181517,2.766521521482487,Mean-reversion,-0.00016647937775162924,0.23963255481295645,0.238927983384385,False,False,0
2025-09-10 03:40:00,2025-09-10 03:40:00,0.24025,0.24058,0.24017,0.24038,26704.0,0.0005492857142857165,0.23926801314477802,0.02439024390253149,0.9507319301951617,2.766146746299196,Mean-reversion,0.0005409566742410571,0.23959758457334945,0.2389384417162066,False,False,0
2025-09-10 03:45:00,2025-09-10 03:45:00,0.24038,0.24083,0.24038,0.24068,32726.0,0.0005214285714285735,0.23928888817640126,0.33333333333337445,1.1459485958400448,2.7623804808617853,Mean-reversion,0.001247245827508181,0.2396017453192584,0.23897603103354412,False,False,0
2025-09-10 03:50:00,2025-09-10 03:50:00,0.24068,0.24068,0.24034,0.24063,22909.0,0.0005028571428571461,0.23930797126154568,0.7058823529412149,0.7905965177666945,2.725672294798001,Mean-reversion,-0.00020776630520809644,0.23960968554725998,0.2390062569758314,False,False,0
2025-09-10 03:55:00,2025-09-10 03:55:00,0.24063,0.24101,0.24051,0.24101,20285.0,0.0005107142857142889,0.23932498822101275,1.0,0.6944574212612324,2.7727927667699173,Mean-reversion,0.0015779423588028194,0.23963141679244132,0.23901855964958418,False,False,0
2025-09-10 04:00:00,2025-09-10 04:00:00,0.24101,0.24101,0.24038,0.24059,22290.0,0.0005171428571428589,0.23933486229241605,-0.3333333333333627,0.7571422606844653,2.7882513821589194,Mean-reversion,-0.00174418648868994,0.23964514800670175,0.23902457657813034,False,False,0
2025-09-10 04:05:00,2025-09-10 04:05:00,0.24059,0.24059,0.23985,0.23993,50022.0,0.0005400000000000008,0.2393495212503067,-0.7837837837837899,1.6976884117968563,2.7943321305573625,Mean-reversion,-0.002747025784725884,0.2396735212503067,0.2390255212503067,False,False,0
2025-09-10 04:10:00,2025-09-10 04:10:00,0.23993,0.24043,0.23988,0.24043,28291.0,0.0005478571428571436,0.23937883902687682,1.0,0.9667784871767124,2.7936839940475755,Mean-reversion,0.0020817727561581473,0.2397075533125911,0.23905012474116252,False,False,0
2025-09-10 04:15:00,2025-09-10 04:15:00,0.24043,0.2405,0.24017,0.24029,7771.0,0.0005385714285714299,0.23944104654480797,-0.27272727272721153,0.2800978594374434,2.7749309537799287,Mean-reversion,-0.0005824596603345859,0.23976418940195082,0.2391179036876651,False,False,0
2025-09-10 04:20:00,2025-09-10 04:20:00,0.24029,0.24036,0.2399,0.23991,27319.0,0.0005257142857142861,0.23947326726361087,-0.9565217391303902,0.9916977365025826,2.7757197762266905,Mean-reversion,-0.0015826742162451902,0.23978869583503945,0.2391578386921823,False,False,0
2025-09-10 04:25:00,2025-09-10 04:25:00,0.23991,0.24057,0.23991,0.24057,17982.0,0.000537142857142857,0.2396611232013224,1.0,0.6899248476089838,2.770365770691689,Mean-reversion,0.002747254475138702,0.23998340891560813,0.2393388374870367,False,False,0
2025-09-10 04:30:00,2025-09-10 04:30:00,0.24057,0.24078,0.24006,0.24023,6248.0,0.0005592857142857126,0.23969624105878243,-0.527777777777767,0.2424508960619838,2.7687151198535487,Mean-reversion,-0.001414309719943387,0.24003181248735386,0.239360669630211,False,False,0
2025-09-10 04:35:00,2025-09-10 04:35:00,0.24023,0.2405,0.23994,0.24006,47983.0,0.0005364285714285687,0.2397520128849377,-0.5714285714285431,1.8453166512301664,2.7602765296031393,Mean-reversion,-0.0007079056699050263,0.24007387002779484,0.23943015574208054,False,False,0
2025-09-10 04:40:00,2025-09-10 04:40:00,0.24006,0.24006,0.23941,0.23969,39934.0,0.0005349999999999958,0.23976770976562656,-0.13846153846159495,1.5083248415411914,2.821018972097216,Mean-reversion,-0.001542470342299662,0.24008870976562655,0.23944670976562657,False,False,0
2025-09-10 04:45:00,2025-09-10 04:45:00,0.23969,0.24,0.23948,0.23964,22238.0,0.0005371428571428512,0.2397750158441046,-0.384615384615401,0.8294447025986197,2.7829954236544308,Mean-reversion,-0.00020862453917491134,0.24009730155839032,0.23945273012981888,False,False,0
2025-09-10 04:50:00,2025-09-10 04:50:00,0.23964,0.24007,0.23956,0.24004,24247.0,0.0005442857142857095,0.23983354895913944,0.8823529411764642,0.9052208304328719,2.789692294862084,Mean-reversion,0.0016677789055880158,0.24016012038771087,0.23950697753056802,False,False,0
2025-09-10 04:55:00,2025-09-10 04:55:00,0.24004,0.24042,0.24003,0.24028,14116.0,0.0005399999999999969,0.2399151293766986,0.2820512820512784,0.5365498280045359,2.806635257777784,Mean-reversion,0.0009993338606486368,0.24023912937669858,0.2395911293766986,False,False,0
2025-09-10 05:00:00,2025-09-10 05:00:00,0.24028,0.24028,0.23945,0.23952,26654.0,0.0005749999999999962,0.24015171257499057,-0.8313253012047839,1.0703369901038804,2.7906221759451713,Mean-reversion,-0.003167989310642354,0.24049671257499056,0.2398067125749906,False,False,0
2025-09-10 05:05:00,2025-09-10 05:05:00,0.23952,0.23985,0.23862,0.239,67530.0,0.0006271428571428539,0.24014979737558376,-0.3821138211382297,2.622668561053521,2.798910402786102,Mean-reversion,-0.002173368739807682,0.24052608308986947,0.23977351166129804,False,False,0
2025-09-10 05:10:00,2025-09-10 05:10:00,0.239,0.23931,0.23878,0.23927,24441.0,0.0006199999999999975,0.2401482243235431,0.8490566037736442,0.9367852346099362,2.7946762256814193,Mean-reversion,0.0011290694740751788,0.2405202243235431,0.2397762243235431,False,False,0
2025-09-10 05:15:00,2025-09-10 05:15:00,0.23927,0.23927,0.23832,0.23855,61248.0,0.0006349999999999986,0.24008183530292235,-0.515789473684197,2.249719349825182,2.8241932697634993,Mean-reversion,-0.003013689443469778,0.24046283530292234,0.23970083530292235,True,False,1
2025-09-10 05:20:00,2025-09-10 05:20:00,0.23855,0.23939,0.23855,0.23917,26955.0,0.0006557142857142832,0.2400799539223505,0.47619047619046834,0.9789344184153222,2.841437200598462,Mean-reversion,0.0025956641886574054,0.24047338249377906,0.23968652535092191,False,False,0
2025-09-10 05:25:00,2025-09-10 05:25:00,0.23917,0.23964,0.239,0.23962,6260.0,0.0006778571428571407,0.24010719128874988,0.9375000000000244,0.23033759543740226,2.845720955542305,Mean-reversion,0.0018797390609796073,0.24051390557446417,0.2397004770030356,False,False,0
2025-09-10 05:30:00,2025-09-10 05:30:00,0.23962,0.23978,0.23938,0.23961,11423.0,0.0006735714285714262,0.24012097301373092,0.14999999999994795,0.42403436795520716,2.831692757966945,Mean-reversion,-4.173361434577174e-05,0.24052511587087377,0.23971683015658807,False,False,0
2025-09-10 05:35:00,2025-09-10 05:35:00,0.23961,0.23986,0.23954,0.23986,7203.0,0.0006492857142857114,0.24013380504112655,1.0,0.27012262959860994,2.8250308274118487,Mean-reversion,0.0010428182061678383,0.24052337646969799,0.23974423361255512,False,False,0
2025-09-10 05:40:00,2025-09-10 05:40:00,0.23986,0.24027,0.23984,0.24025,15494.0,0.0006285714285714268,0.2401538830254263,0.9069767441859564,0.5835483908934337,2.8244844626608474,Mean-reversion,0.0016246280468268737,0.24053102588256917,0.23977674016828346,False,False,0
2025-09-10 05:45:00,2025-09-10 05:45:00,0.24025,0.2404,0.23996,0.24005,43902.0,0.0006199999999999975,0.24017911656412333,-0.5909090909090565,1.6279947960927432,2.8176301448680783,Mean-reversion,-0.0008328128734523728,0.24055111656412334,0.23980711656412332,False,False,0
2025-09-10 05:50:00,2025-09-10 05:50:00,0.24005,0.24018,0.23897,0.23918,69465.0,0.0006599999999999999,0.24014204444355666,-0.6528925619834498,2.466692855192985,2.798856132877055,Mean-reversion,-0.0036308284362879433,0.24053804444355667,0.23974604444355666,True,False,1
2025-09-10 05:55:00,2025-09-10 05:55:00,0.23918,0.23951,0.23893,0.23942,25761.0,0.0006642857142857145,0.24013284644192032,0.6896551724137684,0.9002240862914229,2.810776518616998,Mean-reversion,0.0010029252825623635,0.24053141787049176,0.23973427501334887,False,False,0
2025-09-10 06:00:00,2025-09-10 06:00:00,0.23942,0.23942,0.23895,0.2393,26775.0,0.0006614285714285707,0.24012676901711016,0.4893617021277375,0.9339953372906286,2.7878370761355664,Mean-reversion,-0.0005013369088961011,0.2405236261599673,0.23972991187425302,False,False,0
2025-09-10 06:05:00,2025-09-10 06:05:00,0.2393,0.23931,0.23844,0.23874,100360.0,0.0006957142857142837,0.24003237025628305,-0.3103448275862047,3.3196750118872878,2.791222998419615,Mean-reversion,-0.002342901247435351,0.2404497988277116,0.23961494168485448,False,False,0
2025-09-10 06:10:00,2025-09-10 06:10:00,0.23874,0.23874,0.23834,0.23865,51350.0,0.0006649999999999989,0.23997754826482284,0.5499999999999792,1.6594683211079282,2.763471385848071,Mean-reversion,-0.0003770502149867661,0.24037654826482285,0.23957854826482283,False,False,0
2025-09-10 06:15:00,2025-09-10 06:15:00,0.23865,0.23921,0.2385,0.23897,63548.0,0.0006278571428571424,0.23992694091756653,0.32394366197179575,1.9942831887567636,2.776811268293567,Mean-reversion,0.0013399775883801257,0.2403036552032808,0.23955022663185224,False,False,0
2025-09-10 06:20:00,2025-09-10 06:20:00,0.23897,0.23923,0.2388,0.239,10211.0,0.000620714285714284,0.2398837114514426,-0.06976744186053717,0.32624610104597807,2.7299524978307312,Mean-reversion,0.00012553089122496544,0.24025614002287118,0.23951128288001403,False,False,0
2025-09-10 06:25:00,2025-09-10 06:25:00,0.239,0.23954,0.2388,0.23952,17987.0,0.0006057142857142829,0.2398487484465868,0.9459459459459663,0.5805972638408444,2.7714267818499043,Mean-reversion,0.002173368739807616,0.24021217701801537,0.23948531987515823,False,False,0
2025-09-10 06:30:00,2025-09-10 06:30:00,0.23952,0.23983,0.23938,0.2395,18586.0,0.0005778571428571398,0.23980406388589398,-0.46666666666672424,0.6057047572232829,2.7193374487846125,Mean-reversion,-8.350382034836085e-05,0.24015077817160826,0.2394573496001797,False,False,0
2025-09-10 06:35:00,2025-09-10 06:35:00,0.2395,0.23996,0.2395,0.23979,6960.0,0.000564999999999998,0.23978404329350927,0.2608695652174018,0.22900496492744543,2.723442599365937,Mean-reversion,0.0012101234550673842,0.24012304329350928,0.23944504329350927,False,False,0
2025-09-10 06:40:00,2025-09-10 06:40:00,0.23979,0.24041,0.23979,0.2403,17971.0,0.0005807142857142856,0.23976600362242806,0.6451612903225893,0.5915818667368932,2.7340274112938046,Mean-reversion,0.002124602436385909,0.24011443219385664,0.23941757505099948,False,False,0
2025-09-10 06:45:00,2025-09-10 06:45:00,0.2403,0.24075,0.24029,0.24032,60107.0,0.0005907142857142857,0.23977033989989663,-0.8695652173912912,1.9213131173217692,2.6802333592082257,Mean-reversion,8.322583334659142e-05,0.2401247684713252,0.23941591132846807,False,False,0
2025-09-10 06:50:00,2025-09-10 06:50:00,0.24032,0.24052,0.2402,0.24024,47109.0,0.0005828571428571429,0.23977258359715498,-0.7499999999999349,1.4751170480854476,2.650802459435963,Mean-reversion,-0.00033294490069510954,0.24012229788286926,0.2394228693114407,False,False,0
2025-09-10 06:55:00,2025-09-10 06:55:00,0.24024,0.24033,0.23966,0.23985,28491.0,0.0005992857142857129,0.2397562047919873,-0.432835820895515,0.8926835572927478,2.6636883001184435,Mean-reversion,-0.001624695727001922,0.24011577622055874,0.23939663336341588,False,False,0
2025-09-10 07:00:00,2025-09-10 07:00:00,0.23985,0.24,0.23973,0.23991,30912.0,0.0005321428571428541,0.2397324402830771,0.33333333333347037,0.9764343709405061,2.6323636361056435,Mean-reversion,0.00025012506383528154,0.24005172599736282,0.2394131545687914,False,False,0
2025-09-10 07:05:00,2025-09-10 07:05:00,0.23991,0.24019,0.23962,0.24016,12708.0,0.0005314285714285676,0.2397230632642297,0.8947368421053503,0.408292436083824,2.628395472389013,Mean-reversion,0.0010415148732435533,0.24004192040708686,0.23940420612137256,False,False,0
2025-09-10 07:10:00,2025-09-10 07:10:00,0.24016,0.24048,0.24016,0.24034,107498.0,0.0005207142857142811,0.23974516251690237,0.12499999999995663,3.278744192193902,2.6783207069372934,Mean-reversion,0.0007492195980018888,0.24005759108833094,0.2394327339454738,False,False,0
2025-09-10 07:15:00,2025-09-10 07:15:00,0.24034,0.24068,0.23974,0.24007,46729.0,0.0005257142857142821,0.2397429794252373,-0.2978723404255357,1.3973121424553285,2.6796045496375194,Mean-reversion,-0.0011240400009491106,0.2400584079966659,0.23942755085380873,False,False,0
2025-09-10 07:20:00,2025-09-10 07:20:00,0.24007,0.24084,0.24003,0.24078,35393.0,0.0005549999999999959,0.23976209918186833,0.8518518518518416,1.0396398237794882,2.6602900122777733,Mean-reversion,0.0029531060246756366,0.24009509918186833,0.23942909918186833,False,False,0
2025-09-10 07:25:00,2025-09-10 07:25:00,0.24078,0.2419,0.24077,0.24168,64094.0,0.0005849999999999943,0.23983237778215147,0.6106194690265495,1.8804464889300718,2.641310858248976,Mean-reversion,0.0037308835715362176,0.24018337778215146,0.23948137778215148,False,True,-1
2025-09-10 07:30:00,2025-09-10 07:30:00,0.24168,0.24231,0.24128,0.24143,56358.0,0.0006278571428571383,0.2398773905007403,-0.7087378640776489,1.630784218217243,2.6619837451944703,Mean-reversion,-0.001034961074353677,0.2402541047864546,0.23950067621502602,False,False,0
2025-09-10 07:35:00,2025-09-10 07:35:00,0.24143,0.2415,0.2408,0.24099,57449.0,0.0006249999999999965,0.23990284537909298,-0.45714285714279485,1.6631827439977276,2.668865753342696,Mean-reversion,-0.001824137150231977,0.24027784537909297,0.239527845379093,False,False,0
2025-09-10 07:40:00,2025-09-10 07:40:00,0.24099,0.24147,0.24099,0.24138,18645.0,0.0006271428571428539,0.23991181517729757,0.6250000000000723,0.5424203818567728,2.6930315357358956,Mean-reversion,0.0016170163359209976,0.24028810089158328,0.23953552946301185,False,False,0
2025-09-10 07:45:00,2025-09-10 07:45:00,0.24138,0.24144,0.24073,0.24103,11392.0,0.0006449999999999948,0.23990420052388423,-0.15492957746478983,0.33575749537640825,2.6957723598613925,Mean-reversion,-0.0014510481184536767,0.24029120052388422,0.23951720052388423,False,False,0
2025-09-10 07:50:00,2025-09-10 07:50:00,0.24103,0.24159,0.24085,0.24158,26097.0,0.000653571428571422,0.23992081170884524,0.9729729729729456,0.7676566621236041,2.723048814642988,Mean-reversion,0.0022792741058340954,0.24031295456598809,0.2395286688517024,False,False,0
2025-09-10 07:55:00,2025-09-10 07:55:00,0.24158,0.24189,0.24098,0.24122,28832.0,0.0006857142857142796,0.23993017807294711,-0.4725274725274906,0.8436890179408038,2.724346353111286,Mean-reversion,-0.00149130102203551,0.24034160664437568,0.23951874950151855,False,False,0
2025-09-10 08:00:00,2025-09-10 08:00:00,0.24122,0.24131,0.24088,0.24099,21990.0,0.0006935714285714204,0.2399354206637769,-0.4883720930232438,0.6435944511075652,2.7637325777792703,Mean-reversion,-0.0009539413012659173,0.24035156352091977,0.23951927780663404,False,False,0
2025-09-10 08:05:00,2025-09-10 08:05:00,0.24099,0.2422,0.24099,0.24201,38468.0,0.0007321428571428498,0.23998459279023143,0.6859504132231447,1.1338538580336939,2.7273099658217004,Mean-reversion,0.004223608763161748,0.24042387850451713,0.23954530707594573,False,False,0
2025-09-10 08:10:00,2025-09-10 08:10:00,0.24201,0.24234,0.24167,0.24208,11796.0,0.0007607142857142793,0.23999210921903982,0.2238805970148994,0.3512478365250405,2.7436886920362755,Mean-reversion,0.0002892024230531179,0.2404485377904684,0.23953568064761124,False,False,0
2025-09-10 08:15:00,2025-09-10 08:15:00,0.24208,0.24219,0.24135,0.24158,28598.0,0.000779999999999993,0.24001850261848082,-0.4523809523809862,0.8406967835342233,2.7492325007059857,Mean-reversion,-0.0020675688629134617,0.2404865026184808,0.23955050261848082,False,False,0
2025-09-10 08:20:00,2025-09-10 08:20:00,0.24158,0.24184,0.24093,0.24122,40332.0,0.0008221428571428506,0.2400497470212598,-0.36263736263739216,1.1762672937059113,2.7472582167875883,Mean-reversion,-0.00149130102203551,0.24054303273554553,0.23955646130697408,False,False,0
2025-09-10 08:25:00,2025-09-10 08:25:00,0.24122,0.24157,0.2409,0.24121,137852.0,0.000802857142857137,0.24013503217987203,-0.07462686567163314,3.7474633289913353,2.7425199702464336,Mean-reversion,-4.145679166474945e-05,0.2406167464655863,0.23965331789415775,False,False,0
2025-09-10 08:30:00,2025-09-10 08:30:00,0.24121,0.24123,0.24074,0.24081,19145.0,0.000779999999999993,0.24014196399184304,-0.7142857142857628,0.5166769088219535,2.775344403618465,Mean-reversion,-0.001659682551836861,0.24060996399184303,0.23967396399184304,False,False,0
2025-09-10 08:35:00,2025-09-10 08:35:00,0.24081,0.24111,0.24066,0.24106,33268.0,0.0007314285714285634,0.240161508439907,0.7777777777777914,0.9053122601171735,2.7678423440446305,Mean-reversion,0.001037624348602425,0.24060036558276413,0.23972265129704987,False,False,0
2025-09-10 08:40:00,2025-09-10 08:40:00,0.24106,0.24128,0.24063,0.24073,22815.0,0.0007042857142857049,0.24017971317230788,-0.6923076923077186,0.6269425216815332,2.8023432082029927,Mean-reversion,-0.0013698916607094074,0.2406022846008793,0.23975714174373647,False,False,0
2025-09-10 08:45:00,2025-09-10 08:45:00,0.24073,0.24121,0.24062,0.24109,22298.0,0.0006964285714285621,0.24019820372184245,0.5932203389830253,0.6127146253512805,2.8085632636304254,Mean-reversion,0.001494334261720407,0.24061606086469958,0.2397803465789853,False,False,0
2025-09-10 08:50:00,2025-09-10 08:50:00,0.24109,0.24118,0.24026,0.24034,66663.0,0.0007278571428571352,0.2402056306396183,-0.826086956521747,1.788371480836266,2.817418022029961,Mean-reversion,-0.0031157202780547496,0.2406423449253326,0.23976891635390402,False,False,0
2025-09-10 08:55:00,2025-09-10 08:55:00,0.24034,0.24062,0.24033,0.24051,41090.0,0.000697857142857137,0.24021193867679616,0.24137931034486718,1.0859519230398635,2.807409629451782,Mean-reversion,0.0007070812398163389,0.24063065296251043,0.2397932243910819,False,False,0
2025-09-10 09:00:00,2025-09-10 09:00:00,0.24051,0.24073,0.24021,0.24032,18276.0,0.0006821428571428514,0.24022323277290242,-0.5769230769230749,0.48524782405473954,2.797683608694843,Mean-reversion,-0.0007903001471999589,0.24063251848718814,0.2398139470586167,False,False,0
2025-09-10 09:05:00,2025-09-10 09:05:00,0.24032,0.24032,0.2393,0.23984,125294.0,0.0006899999999999942,0.24024177273894337,0.0588235294117423,3.223689549576302,2.818679558808285,Mean-reversion,-0.001999334221482377,0.24065577273894337,0.23982777273894337,False,False,0
2025-09-10 09:10:00,2025-09-10 09:10:00,0.23984,0.24012,0.23984,0.24007,24191.0,0.0006792857142857096,0.2402522778740064,0.6428571428571853,0.6224936995704289,2.8171546591850785,Mean-reversion,0.0009585131279169727,0.24065984930257783,0.23984470644543499,False,False,0
2025-09-10 09:15:00,2025-09-10 09:15:00,0.24007,0.24024,0.23982,0.24024,19976.0,0.0006228571428571393,0.24030930170162773,1.0,0.5256620197502627,2.8024185659570007,Mean-reversion,0.00070787619287032,0.240683015987342,0.23993558741591345,False,False,0
2025-09-10 09:20:00,2025-09-10 09:20:00,0.24024,0.24083,0.24016,0.24074,24897.0,0.0006228571428571374,0.24033204184478865,0.7313432835821427,0.655896563098409,2.802211917957594,Mean-reversion,0.00207908927651392,0.24070575613050293,0.23995832755907437,False,False,0
2025-09-10 09:25:00,2025-09-10 09:25:00,0.24074,0.24114,0.24074,0.24098,24159.0,0.0005914285714285662,0.24034297244225014,0.2,0.6302628704105292,2.796065940593185,Mean-reversion,0.000996429543541557,0.24069782958510727,0.239988115299393,False,False,0
2025-09-10 09:30:00,2025-09-10 09:30:00,0.24098,0.24133,0.24073,0.24129,43465.0,0.0005692857142857087,0.24036943417060194,0.866666666666716,1.1145109938246545,2.7955380127694145,Mean-reversion,0.0012855870889570602,0.24071100559917336,0.24002786274203053,False,False,0
2025-09-10 09:35:00,2025-09-10 09:35:00,0.24129,0.24141,0.24092,0.24109,24637.0,0.0005564285714285669,0.24038077221585333,-0.3061224489796034,0.6259022734273529,2.7857094982321438,Mean-reversion,-0.000829221822878855,0.24071462935871046,0.2400469150729962,False,False,0
2025-09-10 09:40:00,2025-09-10 09:40:00,0.24109,0.24146,0.24077,0.24087,10807.0,0.0005707142857142815,0.2403846525375032,-0.7101449275362622,0.2752342937124975,2.78480604141301,Mean-reversion,-0.0009129388965061972,0.2407270811089318,0.24004222396607464,False,False,0
2025-09-10 09:45:00,2025-09-10 09:45:00,0.24087,0.24149,0.24083,0.24143,12108.0,0.0005857142857142847,0.2403994125304318,0.8181818181818106,0.3136596267606736,2.8325311750728064,Mean-reversion,0.0023222071393604873,0.24075084110186035,0.24004798395900323,False,False,0
2025-09-10 09:50:00,2025-09-10 09:50:00,0.24143,0.24152,0.2411,0.24117,9551.0,0.0005692857142857147,0.24045076022909107,-0.6666666666667328,0.25568781689225706,2.858548635152026,Mean-reversion,-0.0010774969960837522,0.2407923316576625,0.24010918880051962,False,False,0
2025-09-10 09:55:00,2025-09-10 09:55:00,0.24117,0.24178,0.24117,0.24162,30015.0,0.0005707142857142855,0.2404850615467049,0.47540983606559467,0.8016233663262767,2.8604052048119493,Mean-reversion,0.001864165083438578,0.24082749011813348,0.24014263297527633,False,False,0
2025-09-10 10:00:00,2025-09-10 10:00:00,0.24162,0.24171,0.24102,0.24112,38374.0,0.0005542857142857135,0.24051607301205405,-0.7101449275362622,1.0182988989701756,2.857508234585463,Mean-reversion,-0.0020715092132324426,0.24084864444062548,0.24018350158348262,False,False,0
2025-09-10 10:05:00,2025-09-10 10:05:00,0.24112,0.24131,0.24077,0.24077,27816.0,0.0005721428571428544,0.24062279942268308,-1.0,0.7689695607000601,2.9065091250528443,Mean-reversion,-0.0014526139224478787,0.2409660851369688,0.24027951370839737,False,False,0
2025-09-10 10:10:00,2025-09-10 10:10:00,0.24077,0.24107,0.24047,0.24082,34448.0,0.0005778571428571419,0.24068566788763096,0.1666666666666898,0.9616716470688133,2.873405665107655,Mean-reversion,0.0002076455083355296,0.24103238217334524,0.24033895360191668,False,False,0
2025-09-10 10:15:00,2025-09-10 10:15:00,0.24082,0.24082,0.24002,0.24034,68216.0,0.0005621428571428563,0.24073522909109468,-0.20000000000002777,1.8992038624792207,2.8751309960700535,Mean-reversion,-0.001995178980919335,0.2410725148053804,0.24039794337680898,False,False,0
2025-09-10 10:20:00,2025-09-10 10:20:00,0.24034,0.24037,0.23981,0.24035,24698.0,0.0005821428571428565,0.2407399479569598,0.9285714285714569,0.6818880672004031,2.824908466237665,Mean-reversion,4.1606856815983724e-05,0.24108923367124552,0.24039066224267408,False,False,0
2025-09-10 10:25:00,2025-09-10 10:25:00,0.24035,0.24064,0.24013,0.2406,35777.0,0.0005885714285714264,0.24074959083918873,0.8431372549020163,0.9777635563734127,2.8209920851249186,Mean-reversion,0.0010396092006088886,0.2411027336963316,0.24039644798204587,False,False,0
2025-09-10 10:30:00,2025-09-10 10:30:00,0.2406,0.24085,0.24051,0.24057,20363.0,0.0005650000000000001,0.24076072079507294,-0.6470588235293926,0.5559458696977695,2.805058029543652,Mean-reversion,-0.00012469605353152905,0.24109972079507294,0.24042172079507293,False,False,0
2025-09-10 10:35:00,2025-09-10 10:35:00,0.24057,0.24076,0.24052,0.24068,16796.0,0.0005535714285714291,0.24076377539927285,0.3333333333333333,0.45600928525693957,2.7954332341656647,Mean-reversion,0.0004571428651038963,0.24109591825641571,0.24043163254212999,False,False,0
2025-09-10 10:40:00,2025-09-10 10:40:00,0.24068,0.24068,0.24037,0.24055,11875.0,0.0005328571428571445,0.2407670650468707,0.1612903225807145,0.32352026372009707,2.7871872574512464,Mean-reversion,-0.0005402822066882093,0.241086779332585,0.24044735076115642,False,False,0
2025-09-10 10:45:00,2025-09-10 10:45:00,0.24055,0.24062,0.24021,0.24026,17079.0,0.000527142857142857,0.24077766031742337,-0.7560975609756329,0.4769449163389263,2.7919138178732386,Mean-reversion,-0.0012062978522336975,0.24109394603170908,0.24046137460313766,False,False,0
2025-09-10 10:50:00,2025-09-10 10:50:00,0.24026,0.24041,0.24001,0.24002,20971.0,0.0005064285714285724,0.24078323704940383,-0.9499999999999514,0.594675258846507,2.792519863277476,Mean-reversion,-0.0009994170899337458,0.24108709419226096,0.2404793799065467,False,False,0
2025-09-10 10:55:00,2025-09-10 10:55:00,0.24002,0.24026,0.2398,0.24017,55181.0,0.0004921428571428557,0.24077902033974802,0.6086956521738737,1.5404794252852172,2.7898420871980045,Mean-reversion,0.0006247527223763019,0.24107430605403374,0.2404837346254623,False,False,0
2025-09-10 11:00:00,2025-09-10 11:00:00,0.24017,0.24042,0.24,0.24024,36082.0,0.0004921428571428557,0.24078331953272772,0.14285714285721837,1.004275868307431,2.771102017457359,Mean-reversion,0.00029141774940334085,0.24107860524701344,0.240488033818442,False,False,0
2025-09-10 11:05:00,2025-09-10 11:05:00,0.24024,0.24058,0.24024,0.24058,23500.0,0.00047285714285713994,0.24078513076870772,1.0,0.6500114674008877,2.772510784897647,Mean-reversion,0.0014142508908515097,0.241068845054422,0.24050141648299345,False,False,0
2025-09-10 11:10:00,2025-09-10 11:10:00,0.24058,0.24075,0.24052,0.24073,17486.0,0.00043999999999999595,0.24081362736744094,0.8260869565217916,0.5101237311148685,2.762236335008769,Mean-reversion,0.0006232989335615475,0.24107762736744093,0.24054962736744095,False,False,0
2025-09-10 11:15:00,2025-09-10 11:15:00,0.24073,0.24096,0.24056,0.24075,44579.0,0.0004299999999999978,0.24083304842039152,-0.050000000000048575,1.3022166612300936,2.7178687672321162,Mean-reversion,8.30771787467731e-05,0.24109104842039153,0.2405750484203915,False,False,0
2025-09-10 11:20:00,2025-09-10 11:20:00,0.24075,0.24102,0.24013,0.24036,40444.0,0.0004507142857142825,0.24082258004432597,-0.48314606741577587,1.1778069131796707,2.719263550411018,Mean-reversion,-0.001621251212507724,0.24109300861575453,0.2405521514728974,False,False,0
2025-09-10 11:25:00,2025-09-10 11:25:00,0.24036,0.24066,0.2401,0.2406,10931.0,0.000433571428571426,0.24078660159991974,0.7857142857142716,0.32894149509742454,2.7357615445833225,Mean-reversion,0.0009980040748513695,0.2410467444570626,0.2405264587427769,False,False,0
2025-09-10 11:30:00,2025-09-10 11:30:00,0.2406,0.2406,0.23997,0.24016,42521.0,0.00043857142857142706,0.2407468200017328,-0.3968253968253409,1.2907617614749916,2.7300239273943494,Mean-reversion,-0.0018304356554267056,0.24100996285887566,0.24048367714458996,False,False,0
2025-09-10 11:35:00,2025-09-10 11:35:00,0.24016,0.24021,0.23989,0.24011,26290.0,0.0004250000000000008,0.24072700659448135,0.3749999999999241,0.8140978166344534,2.7023922668090594,Mean-reversion,-0.0002082162124665481,0.24098200659448135,0.24047200659448134,False,False,0
2025-09-10 11:40:00,2025-09-10 11:40:00,0.24011,0.24011,0.23947,0.23956,46327.0,0.00044642857142857185,0.24068502383116383,-0.7187499999999797,1.4093953095706206,2.695080761415737,Mean-reversion,-0.0022932442764236603,0.24095288097402098,0.24041716668830668,True,False,1
2025-09-10 11:45:00,2025-09-10 11:45:00,0.23956,0.23991,0.23956,0.23984,10911.0,0.0004542857142857166,0.2406766867053196,0.5999999999999366,0.33204398697762294,2.6963306002458367,Mean-reversion,0.0011681269580258885,0.24094925813389104,0.24040411527674818,False,False,0
2025-09-10 11:50:00,2025-09-10 11:50:00,0.23984,0.24013,0.23971,0.23994,35140.0,0.00046214285714285937,0.24064550719019018,0.09523809523799139,1.0632857769641588,2.7122770731100685,Mean-reversion,0.00041685773249430894,0.24092279290447588,0.24036822147590448,False,False,0
2025-09-10 11:55:00,2025-09-10 11:55:00,0.23994,0.24016,0.23989,0.24009,20597.0,0.0004521428571428613,0.24062776073399983,0.48148148148141295,0.6264877925445459,2.719081570966348,Mean-reversion,0.0006249609602824509,0.24089904644828555,0.2403564750197141,False,False,0
2025-09-10 12:00:00,2025-09-10 12:00:00,0.24009,0.24057,0.23991,0.24051,9317.0,0.0004707142857142886,0.24062197134954197,0.8181818181818029,0.2856843530809623,2.764819762553369,Mean-reversion,0.0017478156759054221,0.24090439992097054,0.2403395427781134,False,False,0
2025-09-10 12:05:00,2025-09-10 12:05:00,0.24051,0.24081,0.2403,0.2408,17283.0,0.00047428571428571675,0.24058938704925092,0.9607843137254497,0.5372135717685456,2.765113467591383,Mean-reversion,0.0012050447116959426,0.24087395847782236,0.24030481562067948,False,False,0
2025-09-10 12:10:00,2025-09-10 12:10:00,0.2408,0.24087,0.24043,0.2406,20609.0,0.00047571428571428764,0.24057820610180755,-0.22727272727270434,0.6369616393054175,2.8026870612352224,Mean-reversion,-0.0008309098940873922,0.24086363467323613,0.24029277753037898,False,False,0
2025-09-10 12:15:00,2025-09-10 12:15:00,0.2406,0.24126,0.2404,0.24117,17163.0,0.0005128571428571463,0.2405662106507924,0.7906976744185888,0.5343909269057798,2.7976750706747633,Mean-reversion,0.0023662754674005637,0.2408739249365067,0.2402584963650781,False,False,0
2025-09-10 12:20:00,2025-09-10 12:20:00,0.24117,0.24117,0.24094,0.24115,15883.0,0.0005128571428571482,0.24055494205636305,0.8260869565218126,0.5025059914419272,2.764072372085919,Mean-reversion,-8.293249299829246e-05,0.24086265634207735,0.24024722777064875,False,False,0
timestamp,datetime,open,high,low,close,volume,atr,vwap,clv,zvol,entropy,regime,returns,vwap_upper,vwap_lower,price_vs_vwap_pct,long_vwap_ok,short_vwap_ok,long_clv_ok,short_clv_ok,volume_ok,long_signal,short_signal,position_open,position_direction,position_bars_held,position_mfe,position_mfa
2025-09-10 12:20:00,2025-09-10 12:20:00,0.24117,0.24117,0.24094,0.24115,15883.0,0.0005007142857142909,0.24049699335218377,0.8260869565218126,0.5464354445077569,2.699156556087275,Mean-reversion,0.0,0.24079742192361234,0.2401965647807552,0.2715238301794343,False,True,False,True,False,False,False,False,NONE,0,0,0
